{
  "patrocinadores": [
    {
      "nombre":"Parquesoft Pereira",
      "descripcion": "Parquesoft Pereira bajo la dirección de Alexander Cadavid, se ha comprometido con la comunidad y nos brindará su apoyo y colaboración con la designación del espacio a utilizar por el grupo en sus reuniones mensuales.",
      "logo": "/images/patrocinadores/logo-parque.png",
      "link": "http://www.parquesoftpereira.com/",
      "patrocinio": "Espacio físico."
    },
    {
      "nombre": "ViveLab Pereira",
      "descripcion":"Gracias a Parquesoft Pereira podemos contar con el espacio ViveLab para la realización de reuniones y talleres. Contaremos con computadores para la realización de talleres, los miembros del grupo podrán usarlos durante el evento.",
      "logo":"/images/patrocinadores/vivelab-logo.jpeg",
      "link":"https://twitter.com/ViveLabPereira",
      "patrocinio":"Espacio físico."
    },
    {
      "nombre": "Rompemuros",
      "descripcion":"El NUEVO Router <a href=\"http://www.rompemuros.com\" target=\"_blank\">Rompemuros 3Bumen 2014</a> mantiene la mayor potencia y alcance entre todos los routers actuales, mezcla la tecnología Propia 3bumen High Power y una maravillosa potencia de 1000 Mw, para lograr un cubrimiento superior.<br><br>La compañía <a href=\"http://www.3bumen.com/es/inicio.html\" targe=\"_blank\">3Bumen</a> detrás del router rompemuros, ha decidido patrocinar PereiraJS.",
      "logo":"/images/patrocinadores/rompmurosweb.jpg",
      "link":"http://www.rompemuros.com/",
      "patrocinio":"Comida y bebidas."
    },
    {
      "nombre": "Juan Pablo Buritica",
      "descripcion":"VP of Engineering en <a href=\"https://twitter.com/ride\" target=\"_blank\">@ride</a>, organizador de <a href=\"https://twitter.com/jsconfco\" target=\"_blank\">@jsconfco</a>, <a href=\"https://twitter.com/bogotajs\" target=\"_blank\">@bogotaJS</a>, <a href=\"https://twitter.com/code_rise\" target=\"_blank\">@code_rise</a>. Esforzándose en mejorar el ambiente LatAm/Latino tecnológico. Chef y Químico en una vida pasada.<br><br>Gracias al apoyo de Juan Pablo Buritica contamos con comida, bebidas y cerveza para nuestra tercera reunión.",
      "logo":"/images/patrocinadores/buritica.jpg",
      "link":"https://twitter.com/buritica",
      "patrocinio":"Comida, bebidas y CERVEZA!"
    },
    {
      "nombre": "Grupo de Investigación Sirius",
      "descripcion":"El <a href=\"http://sirius.utp.edu.co/\" target=\"_blank\">Grupo de Investigación Sirius</a> surgió con el objetivo de fomentar los desarrollos en las áreas de la electrónica digital, lógica programable y arquitectura de computadores en el programa de <a href=\"http://isc.utp.edu.co/\" target=\"_blank\">Ingeniería de Sistemas y Computación</a> de la <a href=\"http://www.utp.edu.co/\" target=\"_blank\">Universidad Tecnológica de Pereira.</a><br><br>Actualmente el Grupo de Investigación Sirius cuenta con dos laboratorios: <a href=\"http://sirius.utp.edu.co/sirius/?q=node/10\" target=\"_blank\">Sirius HPC</a> y <a href=\"http://sirius.utp.edu.co/sirius/?q=node/11\" target=\"_blank\">Sirius ITS.</a> En estos dos laboratorios Sirius cuenta con un grupo interdisciplinario de profesionales que han desarrollado exitosamente múltiples proyectos con diversos clientes en diferentes áreas, los cuales le han asegurado un buen nombre dentro de la comunidad académica y profesional en la región cafetera de Colombia.",
      "logo":"/images/patrocinadores/sirius.png",
      "link":"http://sirius.utp.edu.co/",
      "patrocinio":"Comida y bebidas."
    },
    {
      "nombre": "NodeSource",
      "descripcion": "Es un placer contar con el patrocinio de <a href=\"https://nodesource.com\" target=\"_blank\">NodeSource</a>, ya que tienen la sólida intención de apoyar el grupo en todos sus gastos. Esta compañía dedica su tiempo a ofrecer servicios profesionales sobre Node.js, su base de clientes son las empresas listadas en la Fortune 500",
      "link": "https://nodesource.com",
      "patrocinio": "NodeSchool International Day: almuerzos, snacks y stickers. Snacks y bebidas en las reuniones mensuales",
      "logo":"/images/patrocinadores/logo-nodesource.png"
    },
    {
      "nombre":"Jonathan Álvarez González",
      "descripcion": "Desarrollador web especializado en frontend. Actualmente es director de tecnología en Elemental Lab e Invertir Mejor. Comprometido en ayudar y apoyar a todas las personas en la creación de sus ideas.",
      "link": "http://jonalvarezz.com",
      "patrocinio": "Comida y bebidas.",
      "logo": "/images/patrocinadores/jonalvarezz.jpeg"
    },
    {
      "nombre":"RockaLabs",
      "descripcion": "<a href=\"http://rockalabs.com/\" target=\"_blank\">RockaLabs</a> es una startup para crear startups. <a href=\"http://rockalabs.com/team-es.html\" target=\"_blank\">Un equipo de ingeniería y diseño de producto</a> que trabaja en remoto y está dedicado a idear y construir productos digitales.<br><br><a href=\"http://rockalabs.com/\" target=\"_blank\">RockaLabs</a> apoya a emprendedores a ejecutar sus ideas y también ha participado como inversionista en algunas startups de Colombia y Europa.<br><br>Apoyamos tecnologías modernas y eventos que apoyen la construcción de comunidades de desarrollo y diseño de productos.",
      "link": "http://rockalabs.com/",
      "patrocinio": "Comida y bebidas.",
      "logo": "/images/patrocinadores/logo-RockaLabs-black.svg"
    }
  ],
  "objetivos": {
    "title": "Objetivos",
    "description": "En la comunidad Pereira.JS tenemos 4 objetivos principales.",
    "objective_width":3,
    "objectives": [
      {
        "objective_name":"Ayudar",
        "objective_description":"Ayudar a las personas que deseen obtener conocimientos de Javascript y tecnologías afines.",
        "font_icon": "fa-users"
      },
      {
        "objective_name":"Crear",
        "objective_description":"Crear y fortalecer relaciones entre aficionados a Javascript que permitan crecimiento personal y profesional, permitiendo que nuevos miembros (sin restricción) se incorporen para así enriquecer la comunidad guiados por un ambiente de respeto hacia los demás.",
        "font_icon": "fa-paint-brush"
      },
      {
        "objective_name":"Impulsar el crecimiento y desarrollo",
        "objective_description":"Impulsar el crecimiento y desarrollo de comunidades interesadas en temas asociados a tecnología en la ciudad de Pereira y sus alrededores haciendo uso de charlas, talleres y otras herramientas que actúen como facilitadores de tales objetivos.",
        "font_icon": "fa-rocket"
      },
      {
        "objective_name":"Tratar todo tipo de temas",
        "objective_description":"Tratar todo tema que impulse los objetivos mencionados, aunque estos no sean temas de moda o no parezcan relevantes ante miembros de la comunidad.",
        "font_icon": "fa-list-alt"
      }
    ]
  },
  "evento": {
    "proximo": {
      "nombre":"Visualización de datos con d3.js && Desarrollo de aplicaciones usando MEAN Stack",
      "fecha":"Jueves, 5 de Abril",
      "fecha_locale": "04/05/2018",
      "hora": "6:30pm",
      "lugar": "Sala Magistral 1, Edificio 13",
      "direccion":"Universidad Tecnológica de Pereira",
      "url_reservas":"https://www.meetup.com/PereiraJs_/events/248553698/"
    },
    "eventos_pasados": [
      {
        "nombre": "Primera reunión",
        "conferencias": [
          {
            "nombre": "Introducción al grupo",
            "speakers": [
              {
                "nombre": "Daniel Aristizbal Romero",
                "url_contacto": "https://twitter.com/cronopio2"
              }
            ]
          },{
            "nombre": "JavaScript Historia y aplicaciones",
            "descripcion": "",
            "url_slides": "http://jhonber.github.io/slides",
            "speakers": [
              {
                "nombre": "@jhonber",
                "url_contacto": "https://twitter.com/jh0nb3r"
              },
              {
                "nombre": "@pin3da",
                "url_contacto": "https://twitter.com/pin3da"
              }
            ]
          }
        ],
        "photo": "/images/fotos/primera.jpeg"
      },
      {
        "nombre": "Segunda reunión",
        "conferencias": [
          {
            "nombre": "JavaScript Historia y aplicaciones",
            "descripcion": "",
            "url_slides": "http://jhonber.github.io/slides",
            "speakers": [
              {
                "nombre": "@jhonber",
                "url_contacto": "https://twitter.com/jh0nb3r"
              },
              {
                "nombre": "@pin3da",
                "url_contacto": "https://twitter.com/pin3da"
              }
            ]
          },
          {
            "nombre": "Programación Orientada a Objetos con JavaScript",
            "descripcion": "",
            "url_slides": "https://www.dropbox.com/s/vzz4bl9fdqg1zzt/Javascript%20O.O..pdf",
            "speakers": [
              {
                "nombre": "@oagranada",
                "url_contacto": "https://twitter.com/oagranada"
              }
            ]
          }
        ],
        "photo": "/images/fotos/segunda.jpeg"
      },
      {
        "nombre":"Tercera reunión",
        "conferencias": [
          {
            "nombre": "Introducción a JavaScript Client Side",
            "descripcion": "",
            "url_slides": "http://jhonber.github.io/slides2",
            "speakers": [
              {
                "nombre": "@jhonber",
                "url_contacto": "https://twitter.com/jh0nb3r"
              }
            ]
          },
          {
            "nombre": "Introducción a Javascript Server Side",
            "descripcion": "Una introducción a Javascript del lado del servidor usando node, explicando programación asíncrona y programación orientada a objetos",
            "url_slides": "http://fcbosque.nodejitsu.com/nodejs",
            "speakers": [
              {
                "nombre_speaker": "@cronopio",
                "url_contacto": "https://twitter.com/cronopio2"
              }
            ]
          }
        ],
        "photo": "/images/fotos/tercera.jpeg"
      },
      {
        "nombre": "Cuarta reunión",
        "conferencias": [
          {
            "nombre": "Aprendiendo JavaScript I",
            "descripcion": "",
            "url_slides": "http://ogranada.github.io/aprendiendo_javascript_1",
            "speakers": [
              {
                "nombre": "@oagranada",
                "url_contacto": "https://twitter.com/oagranada"
              }
            ]
          },
          {
            "nombre": "Inmersión en Node.js I",
            "speakers": [
              {
                "nombre": "Daniel Aristizabal Romero",
                "url_contacto": "https://twitter.com/cronopio2"
              }
            ]
          }
        ],
        "photo": "/images/fotos/cuarta.jpeg"
      },
      {
        "nombre": "Quinta reunión",
        "conferencias": [
          {
            "nombre": "Aprendiendo JavaScript II",
            "descripcion": "",
            "url_slides": "http://ogranada.github.io/aprendiendo_javascript_2",
            "speakers": [
              {
                "nombre": "@oagranada",
                "url_contacto": "https://twitter.com/oagranada"
              }
            ]
          },
          {
            "nombre": "Inmersión en Node.js II",
            "speakers": [
              {
                "nombre": "Daniel Aristizabal Romero",
                "url_contacto": "https://twitter.com/cronopio2"
              }
            ]
          }
        ],
        "photo": "/images/fotos/quinta.jpeg"
      },
      {
        "nombre": "Sexta reunión",
        "conferencias": [
          {
            "nombre":"MV*, el camino a las web apps del futuro.",
            "speakers": [
              {
                "nombre": "@oagranada",
                "url_contacto": "https://twitter.com/oagranada"
              }
            ]
          },
          {
            "nombre": "Express.js y Flatiron.js juntos pero no revueltos",
            "speakers": [
              {
                "nombre": "Daniel Aristizabal Romero",
                "url_contacto": "https://twitter.com/cronopio2"
              }
            ]
          }
        ],
        "photo": "/images/fotos/sexta.jpeg"
      },
      {
        "nombre": "Septima reunión",
        "conferencias": [
          {
            "nombre":"Librerías para manipulación del DOM",
            "url_slides":"/slides/charla_jquery_nov_26_2014.pdf",
            "speakers": [
              {
                "nombre": "Diana M. Bedoya",
                "url_contacto": "https://twitter.com/dimabera"
              }
            ]
          },
          {
            "nombre": "Introducción a git y github",
            "url_slides": "http://pin3da.github.io/slides/git_github.html",
            "speakers": [
              {
                "nombre": "Manuel Felipe Pineda",
                "url_contacto": "https://twitter.com/pin3da_"
              }
            ]
          }
        ],
        "photo": "/images/fotos/septima.jpg"
      },
      {
        "nombre":"Octava reunión PereiraJS",
        "conferencias": [
            {
                "nombre": "Buenas Prácticas en Javascript",
                "url_slides":"https://speakerdeck.com/jonalvarezz/javascript-best-practices",
                "speakers": [
                    {
                        "nombre": "Jonathan Alvarez",
                        "url_contacto": "https://twitter.com/jonalvarezz"
                    }
                ]
            },
            {
                "nombre": "TDD && BDD, Javascript y el buen sabor de las pruebas",
                "speakers": [
                    {
                        "nombre": "Oscar Andrés Granada",
                        "url_contacto": "https://twitter.com/oagranada"
                    }
                ]
            }
        ],
        "photo": "/images/fotos/octava.jpg"
      },
      {
        "nombre":"Edición Especial desde la UTP",
        "conferencias":[
            {
                "nombre": "Buenas Prácticas en Javascript",
                "url_slides":"https://speakerdeck.com/jonalvarezz/javascript-best-practices",
                "speakers": [
                    {
                        "nombre": "Jonathan Alvarez",
                        "url_contacto": "https://twitter.com/jonalvarezz"
                    }
                ]
            },
            {
                "nombre": "TDD && BDD, Javascript y el buen sabor de las pruebas",
                "speakers": [
                    {
                        "nombre": "Oscar Andrés Granada",
                        "url_contacto": "https://twitter.com/oagranada"
                    }
                ]
            }
        ],
        "photo":"/images/fotos/PereiraJSEEUTP.jpg"
      },
      {
        "nombre": "Novena reunión",
        "conferencias": [
          {
            "nombre": "Introducción a npm",
            "url_slides": "http://cronopio.github.io/slides-intro-npm/",
            "speakers": [
              {
                "nombre": "Daniel Aristizabal Romero",
                "url_contacto": "https://twitter.com/cronopio2"
              }
            ]
          }
        ],
        "photo": "/images/fotos/novena.jpg"
      },
      {
        "nombre": "Décima reunión",
        "conferencias": [
          {
            "nombre": "Learn you node",
            "url_slides": "https://github.com/workshopper/learnyounode",
            "speakers": [
              {
                "nombre": "Daniel Aristizabal Romero",
                "url_contacto": "https://twitter.com/cronopio2"
              }
            ]
          },
          {
            "nombre": "Streams - Event Emitter",
            "url_slides": "http://pin3da.github.io/slides",
            "speakers": [
              {
                "nombre": "Manuel Felipe Pineda",
                "url_contacto": "https://twitter.com/pin3da_"
              }
            ]
          }
        ],
        "photo": "/images/fotos/decima.jpg"
      },
      {
        "nombre": "Nodeschool International day",
        "conferencias": [
          {
            "nombre": "Nodeschool International Day Pereira",
            "url_slides": "http://nodeschool.io/pereira/",
            "speakers": [
              {
                "nombre": "Manuel Felipe Pineda",
                "url_contacto": "https://twitter.com/pin3da_"
              },
              {
                "nombre": "Daniel Aristizabal Romero",
                "url_contacto": "https://twitter.com/cronopio2"
              }
            ]
          }
        ],
        "photo": "/images/fotos/nodeschoolday2015.jpg"
      },
      {
        "nombre":"Undécima reunión",
        "conferencias": [
          {
            "nombre": "Jasmine, Behavior-Driven Javascript",
            "url_slides": "http://nbviewer.ipython.org/format/slides/github/DiegoAE/Talks/blob/master/Jasmine/Jasmine Slides.ipynb",
            "speakers": [{"nombre": "Diego A. Agudelo España"}]
          },
          {
            "nombre": "Node.js / IO.js",
            "speakers":[{"nombre":"Daniel Aristizabal Romero"}]
          }
        ],
        "photo": "/images/fotos/undecima.jpg"
      },
      {
        "nombre": "Duodécima reunión",
        "conferencias": [
          {
            "nombre": "WebAssambly",
            "speakers": [{
              "nombre": "Giovanny Gongora",
              "url_contacto": "https://twitter.com/Gioyik"
            }]
          }
        ],
        "photo": "images/fotos/duodecima.jpg"
      },
      {
        "nombre": "Decimotercera Reunión",
        "conferencias": [
          {
            "nombre": "ZeroMQ + Node.js",
            "url_slides": "http://pin3da.github.io/slides/zeromq_node.html",
            "speakers": [{
              "nombre": "Manuel Felipe Pineda",
              "url_contacto": "https://twitter.com/pin3da_"
            }]
          },
          {
            "nombre": "WebSockets and Socket.io",
            "url_slides": "http://jhonber.github.io/webSockets-slides/",
            "speakers": [{
              "nombre": "Jhon Jimenez",
              "url_contacto": "https://twitter.com/jh0nb3r"
            }]
          }
        ],
        "photo": "images/fotos/decimotercera.jpg"
      },
      {
        "nombre": "Decimocuarta reunión",
        "conferencias": [
          {
            "nombre":"Introducción a MV*",
            "speakers": [
              {
                "nombre": "@oagranada",
                "url_contacto": "https://twitter.com/oagranada"
              }
            ]
          },
          {
            "nombre": "Node.js v4",
            "speakers": [
              {
                "nombre": "Daniel Aristizabal Romero",
                "url_contacto": "https://twitter.com/cronopio2"
              }
            ]
          }
        ],
        "photo": "/images/fotos/decimocuarta.jpg"
      },
      {
        "nombre": "Decimoquinta reunión",
        "photo": "/images/fotos/octubre2015.jpg",
        "conferencias": [
          {
            "nombre":"Reactive Programming",
            "url_slides": "http://jonalvarezz.github.io/presentation-reactive-programming/",
            "speakers":[{
              "nombre":"Jonathan Alvarez",
              "url_contacto": "https://twitter.com/jonalvarezz"
            }]
          },
          {
            "nombre": "EcmaScript 6"
          }
        ]
      },
      {
        "nombre": "Decimosexta reunión",
        "photo": "/images/fotos/noviembre2015.jpg",
        "conferencias": []
      },
      {
        "nombre": "Edición Especial desde la UTP",
        "photo": "/images/fotos/febrero2016.jpg",
        "conferencias": [
          {
            "nombre": "p2p + webtorrent",
            "url_slides": "http://pin3da.github.io/slides/p2p",
            "speakers": [{
              "nombre": "Manuel Pineda",
              "url_contacto": "https://twitter.com/pin3da_"
            }]
          },
          {
            "nombre": "An introduction to MeteorJS",
            "url_slides": "http://slides.com/rockalabs/meteorjs",
            "speakers": [{
              "nombre": "Sergio Florez",
              "url_contacto": "https://twitter.com/XergioAleX"
            }]
          }
        ]
      },
      {
        "nombre": "Decimoséptima reunión",
        "photo": "/images/fotos/2016-17.jpg",
        "conferencias": [{
          "nombre": "Introducción a JavaScript",
          "url_slides": "http://jonalvarezz.github.io/intro-js/",
          "speakers":[{
            "nombre":"Jonathan Alvarez",
            "url_contacto": "https://twitter.com/jonalvarezz"
          }]
        },
        {
          "nombre": "Introducción a NodeJS",
          "speakers":[{
            "nombre": "Daniel Aristizabal Romero",
            "url_contacto": "https://twitter.com/cronopio2"
          }]
        }]
      },
      {
        "nombre": "Decimoctava reunión",
        "photo": "/images/fotos/2016-18.jpg",
        "conferencias": [{
          "nombre": "Three JS",
          "speakers":[{
            "nombre": "Gabriel Muñoz"
          }]
        },
        {
          "nombre": "Introducción a React",
          "url_slides": "http://jonalvarezz.github.io/react-talk/",
          "speakers":[{
            "nombre":"Jonathan Alvarez",
            "url_contacto": "https://twitter.com/jonalvarezz"
          }]
        }]
      },
      {
        "nombre": "Nodeschool International Day 2016",
        "photo": "/images/fotos/nodeschoolday2016.jpg",
        "conferencias": []
      }
    ]
  },
  "colaboradores": [
    {
      "email":"aristizabal.daniel@gmail.com",
      "nombre":"Daniel Aristizabal",
      "twitter": "cronopio2",
      "github": "cronopio"
    },
    {
      "email":"oscar.andres.granada@gmail.com",
      "nombre":"Oscar Andrés Granada Baquero",
      "twitter": "oagranada ",
      "github": "ogranada"
    },
    {
      "email":"jhonb3r@gmail.com",
      "nombre":"Jhon Jimenez",
      "twitter": "jh0nb3r",
      "github": "jhonber "
    },
    {
      "email":"manuel.felipe.pineda@gmail.com",
      "nombre":"Manuel Pineda",
      "twitter": "pin3da_",
      "github": "pin3da"
    },
    {
      "email":"j@jonalvarezz.com",
      "nombre":"Jonathan Alvarez",
      "twitter": "jonalvarezz",
      "github": "jonalvarezz"
    },
    {
      "email":"exactlimon@gmail.com",
      "nombre":"Santiago Bernal",
      "twitter": "santiaguf",
      "github": "santiag"
    },
    {
      "email":"xergioalex@gmail.com",
      "nombre":"Sergio Alexander Florez Galeano",
      "twitter":"XergioAleX",
      "github": "xergioalex"
    },
     {
      "email":"jdmorales092@gmail.com",
      "nombre":"John Darwin Morales",
      "twitter":"jdmorales092",
      "github": "jdmorales"
    }
  ]
}
